<?xml version="1.0" encoding="UTF-8"?>
    
<!DOCTYPE struts PUBLIC
"-//Apache Software Foundation//DTD Struts Configuration 2.0//EN"
"http://struts.apache.org/dtds/struts-2.0.dtd">
<struts>
    <constant name="struts.devMode" value="true" />
    <package name="default" namespace="/" extends="struts-default">
        <action name="hello"
                class="com.dk.controller.SpringDataMongoDBMain">
                <result name="success">result.jsp</result>
        </action>
        <action name="searchService" method="executeMashUp"
                class="com.dk.controller.SpringDataMongoDBMain">
                <result name="success">resultTwo.jsp</result>
        </action>
    </package>
</struts>