<?xml version="1.0" encoding="UTF-8"?>
<project-private xmlns="http://www.netbeans.org/ns/project-private/1">
    <editor-bookmarks xmlns="http://www.netbeans.org/ns/editor-bookmarks/2" lastBookmarkId="0"/>
    <open-files xmlns="http://www.netbeans.org/ns/projectui-open-files/2">
        <group>
            <file>file:/Users/sourabh_deshkulkarni/Documents/workspace/ResearchProjectClient/WebContent/WEB-INF/classes/struts.xml</file>
            <file>file:/Users/sourabh_deshkulkarni/Documents/workspace/ResearchProjectClient/WebContent/WEB-INF/glassfish-web.xml</file>
            <file>file:/Users/sourabh_deshkulkarni/Documents/workspace/ResearchProjectClient/src/com/dk/model/Api.java</file>
            <file>file:/Users/sourabh_deshkulkarni/Documents/workspace/ResearchProjectClient/src/com/dk/controller/SpringDataMongoDBMain.java</file>
            <file>file:/Users/sourabh_deshkulkarni/Documents/workspace/ResearchProjectClient/WebContent/result.jsp</file>
            <file>file:/Users/sourabh_deshkulkarni/Documents/workspace/ResearchProjectClient/src/com/dk/model/Mashup.java</file>
            <file>file:/Users/sourabh_deshkulkarni/Documents/workspace/ResearchProjectClient/src/com/dk/controller/DBCreation.java</file>
            <file>file:/Users/sourabh_deshkulkarni/Documents/workspace/ResearchProjectClient/WebContent/WEB-INF/web.xml</file>
            <file>file:/Users/sourabh_deshkulkarni/Documents/workspace/ResearchProjectClient/WebContent/resultTwo.jsp</file>
            <file>file:/Users/sourabh_deshkulkarni/Documents/workspace/ResearchProjectClient/WebContent/index.jsp</file>
        </group>
    </open-files>
</project-private>
